filename,caption,llm_response
belinda-fewings-73XDjmZQo6Y-unsplash.jpg,a red and white sign,"From the image, I can infer that there is a red and white sign present. The sign could be a traffic sign, warning sign, or a sign for a specific location or event. Without additional context, it is difficult to determine the exact meaning of the sign."
chris-robert-n-tIXOJfVA4-unsplash.jpg,a yellow sign with a curved arrow,"Based on the image, it appears that there is a yellow sign with a curved arrow. The sign could be indicating a change in road direction or a cautionary measure. Without additional context, it is difficult to determine the exact meaning of the sign."
claude-potts-ecAj_bnd6s0-unsplash.jpg,a blue sign on a road,"Based on the image, I can infer that there is a sign on a road. The sign appears to be blue in color, and it may be indicating something important to drivers or pedestrians. However, without additional context, it is difficult to determine the specific meaning of the sign or what it is trying to communicate."
cole-ciarlello-dLO5fuNzjN8-unsplash.jpg,a road with a sign that says buo,"The image shows a road with a sign that says ""buo"". Based on this information, I can infer that the road may be near a body of water, such as a river or a lake, and that the sign is likely warning drivers to be cautious and follow the buoyage system in place. Buoys are often used to mark the location of hazards in the water, such as underwater obstacles or changes in depth, and drivers should be aware of their presence when operating a watercraft. Additionally, the sign may indicate that the road leads to a boat launch or other water access point."
daniele-levis-pelusi-QSRXNv9kmus-unsplash.jpg,a pink sign post with a bunch of signs on it,"From this image, I can infer that there is a pink sign post with multiple signs attached to it. These signs could indicate different routes, destinations or information for travelers. The presence of the pink color could suggest that this is a notable or important location, perhaps a landmark or tourist attraction."
firas-wardhana-9uzf-TPXVkE-unsplash.jpg,a blue street sign sitting on the side of a road,"From this image, I can infer that there is a blue street sign located on the side of a road. The sign could be indicating the name of the street, the direction of traffic, or providing other important information to drivers."
frankie-lopez-tg5Lm27cT3s-unsplash.jpg,a highway sign on a highway with a cloudy sky,"From this image, I infer that it is a picture of a highway sign on a highway, and the sky is cloudy. Based on the context of the image, it seems to be a traffic sign providing information to drivers about the road ahead. The cloudy sky suggests that the weather could be overcast, potentially affecting road conditions and driver visibility."
greg-jewett-rvUoXTMUuRA-unsplash.jpg,a stop sign on a street,"From this image, I infer that there is a stop sign on a street. The stop sign is likely there to indicate that vehicles must come to a complete stop at this location and wait for their turn to proceed."
hikmet-ryzf8VX-kdI-unsplash.jpg,a stop sign on a road with a hill in the background,"From the image, I infer that the road is a two-way street, and the stop sign is indicating that drivers must stop and look both ways before proceeding. The hill in the background suggests that the road may be hilly or winding. The presence of a stop sign on a road with a hill may indicate a higher level of caution needed by drivers due to the potential for reduced visibility or increased difficulty in stopping quickly."
iman-Vaugz0s98pI-unsplash.jpg,a stop sign on a street corner with a blue sky,"From this image, I infer that the stop sign is indicating that vehicles and pedestrians must come to a complete stop at this location before proceeding further. Additionally, the blue sky suggests that it is a clear day, and the image appears to be taken during the daytime. The image may be helpful for drivers and pedestrians to be aware of the stop sign and to follow traffic rules safely."
iuliu-illes-Sx2ivdqR9UE-unsplash.jpg,a road with a red and blue sign on it,"From this image, I infer that there is a road with signs indicating that it is a route for both red and blue vehicles. The red and blue signs on the road suggest that the road is divided into lanes for each color vehicle, or that there are specific rules or restrictions for each color vehicle. It is also possible that the image is showing a road under construction, where the signs indicate the intended use of the road once it is completed."
joshua-hoehne-WPrTKRw8KRQ-unsplash.jpg,a stop sign with a white border,"From the image, I infer that the stop sign is a traffic control device that indicates drivers must come to a complete stop at the marked location before proceeding further. The white border around the stop sign is likely a high-visibility feature to improve its visibility to drivers."
julian-gentile-bdFZY8nFlx0-unsplash.jpg,a street sign with a hat on it,"From this image, I can infer that there is a street sign with a hat on it. The presence of the hat suggests that the sign may be related to a specific event or occasion, such as a festival or parade. It is also possible that the hat is simply a decorative element added to the sign for aesthetic purposes."
keiron-crasktellanos-UH0vzjrG78M-unsplash.jpg,a traffic light with a red light on it,"From this image, I infer that the traffic light is indicating that drivers should stop. The red light on the traffic signal means that drivers must come to a complete stop at the intersection ahead and wait for their turn to proceed."
lucas-van-oort-Kk-fsP6XQcw-unsplash.jpg,a yellow and black sign,"From the image, it appears that there is a yellow and black sign present. The sign's color scheme and the presence of a stop sign icon suggest that it is a traffic sign, likely indicating a stop or yield. However, without additional context or information about the location of the sign, it's difficult to determine the specific traffic regulation it represents."
marwan-ahmed-yF7FCuCJ93s-unsplash.jpg,a street sign with a child crossing it,"From this image, I infer that there is a street sign indicating a child crossing and possibly a school zone or pedestrian crossing. It is likely that there is a school or other educational institution nearby, and the sign is there to ensure the safety of the children walking to and from the school."
matt-seymour-7xjKZp5xuEo-unsplash.jpg,a sign that says road open on a street,"From this image, I can infer that the road is open for traffic and that the sign is indicating this to drivers."
mohamed-b-SXsgxCIDIeg-unsplash.jpg,a stop sign and a stop sign on a street,"From this image, I infer that there is a stop sign on a street. Additionally, there may be another stop sign nearby, as indicated by the presence of a second stop sign in the image."
p-yh-cIvlYGZtntI-unsplash.jpg,a bunch of green leaves,"From the given image, I infer that there are a lot of green leaves present in the scene. It could be a view of a park, forest or garden filled with vegetation. The image doesn't provide any other contextual information so it's difficult to determine the exact location or purpose of the image."
paula-ann-murphy-cmOaC4kEa2g-unsplash.jpg,a sign on a road that says ev,"From the image, I can infer that there is a sign on a road that says ""EV."" However, without additional context, it is difficult to determine the exact meaning of the sign or what it refers to. It could possibly indicate the presence of an electric vehicle charging station or a road that is designated for electric vehicles only."
paule-knete-qKKjDFPCts8-unsplash.jpg,a red and white triangular sign,"From the image, I infer that there is a red and white triangular sign. The sign appears to be pointing in a certain direction, indicating that there might be a road or highway ahead. The color red is often associated with warning or danger, so it's possible that the sign is indicating a potential hazard or restriction ahead. However, without more context, it's difficult to determine the specific meaning of the sign."
rosie-steggles-h1OhvEIIcxs-unsplash.jpg,a yellow sign on the side of the road,"From the caption, I can infer that there is a yellow sign on the side of the road. However, without additional context or information about the sign, I cannot determine its meaning or significance."
sandy-millar-KhStXRVhfog-unsplash.jpg,a yellow painted family,"From the caption ""a yellow painted family,"" it seems that the image may depict a family of people standing or sitting near a yellow painted object or vehicle. The presence of the word ""painted"" suggests that the yellow color may be significant in the context of the image. Without more information, it is difficult to determine the exact meaning or significance of the image."
sebastian-enrique-VWMkC5NxUU8-unsplash.jpg,a yellow sign with an arrow pointing left,"The image appears to show a yellow sign with an arrow pointing left. It is difficult to determine the exact location or context of the sign without additional information. However, based on the arrow pointing left, it could potentially indicate a turn or direction change in traffic."
shiona-das-6SkIwUjW798-unsplash.jpg,a traffic sign on a street with a sky background,"From this image, I infer that there is a traffic sign on a street. The sign is likely indicating traffic rules or warnings to drivers and pedestrians. The background shows a sky, which suggests that the image was taken during the daytime. The overall composition of the image suggests that the traffic sign is an important element in the scene and is intended to be noticed by viewers."
viktor-talashuk-6PvHN_v0gow-unsplash.jpg,a street sign on a bricked street,"From this image, I infer that the street is a pedestrian-only street or a street with limited vehicle access. The presence of the brick wall and the street sign on the wall suggest that the street is part of a larger development or community, and the sign may indicate that the street is intended for walking, cycling, or other non-motorized activities."
yerin-seo-tY9y3I2L3vI-unsplash.jpg,a white sign on a pole,"From the image, I can infer that there is a white sign on a pole. The sign appears to be rectangular in shape and is positioned vertically on the pole. It is difficult to make out any other details from the image alone."
